{"cameraMode":{"drawMode":0,"name":"Shaded","section":"Shading Mode"},"sceneLighting":false,"audioPlay":false,"sceneViewState":{"m_AlwaysRefresh":false,"showFog":true,"showSkybox":false,"showFlares":true,"showImageEffects":true,"showParticleSystems":true,"showVisualEffectGraphs":true,"m_FxEnabled":true},"in2DMode":false,"pivot":{"x":0.18711067736148835,"y":1.430471420288086,"z":-0.6973525285720825},"rotation":{"x":0.0937182828783989,"y":-0.029863687232136728,"z":0.0028120148926973345,"w":0.9951475262641907},"size":0.7148056030273438,"orthographic":false}