{"cameraMode":{"drawMode":0,"name":"Shaded","section":"Shading Mode"},"sceneLighting":true,"audioPlay":false,"sceneViewState":{"m_AlwaysRefresh":false,"showFog":true,"showSkybox":true,"showFlares":true,"showImageEffects":true,"showParticleSystems":true,"showVisualEffectGraphs":true,"m_FxEnabled":true},"in2DMode":false,"pivot":{"x":-51.536460876464847,"y":0.5696158409118652,"z":34.89259338378906},"rotation":{"x":0.03739039972424507,"y":-0.9471468925476074,"z":-0.11997511237859726,"w":-0.29515957832336428},"size":5.500659465789795,"orthographic":true}